Region,Year,Specimen,Organism,Antibiotic,Patient_setting,Value,Metric,Source,Source_URL
Telangana,2024,Blood,Escherichia coli,Ampicillin,IN/EME,88,Resistance %,Telangana State AMR Surveillance Annual Report 2024,https://omc.ac.in/pdfs/TS%20Antimicrobial%20Surveillance%20Annual%20Report.pdf
Telangana,2024,Blood,Escherichia coli,Ampicillin,ICU,100,Resistance %,Telangana State AMR Surveillance Annual Report 2024,https://omc.ac.in/pdfs/TS%20Antimicrobial%20Surveillance%20Annual%20Report.pdf
Telangana,2024,Blood,Escherichia coli,Amoxicillin-clavulanate,IN/EME,71,Resistance %,Telangana State AMR Surveillance Annual Report 2024,https://omc.ac.in/pdfs/TS%20Antimicrobial%20Surveillance%20Annual%20Report.pdf
Telangana,2024,Blood,Escherichia coli,Amoxicillin-clavulanate,ICU,76,Resistance %,Telangana State AMR Surveillance Annual Report 2024,https://omc.ac.in/pdfs/TS%20Antimicrobial%20Surveillance%20Annual%20Report.pdf
Telangana,2024,Blood,Escherichia coli,Piperacillin-tazobactam,IN/EME,32,Resistance %,Telangana State AMR Surveillance Annual Report 2024,https://omc.ac.in/pdfs/TS%20Antimicrobial%20Surveillance%20Annual%20Report.pdf
Telangana,2024,Blood,Escherichia coli,Piperacillin-tazobactam,ICU,26,Resistance %,Telangana State AMR Surveillance Annual Report 2024,https://omc.ac.in/pdfs/TS%20Antimicrobial%20Surveillance%20Annual%20Report.pdf
Telangana,2024,Blood,Escherichia coli,Ceftriaxone,IN/EME,76,Resistance %,Telangana State AMR Surveillance Annual Report 2024,https://omc.ac.in/pdfs/TS%20Antimicrobial%20Surveillance%20Annual%20Report.pdf
Telangana,2024,Blood,Escherichia coli,Ceftriaxone,ICU,80,Resistance %,Telangana State AMR Surveillance Annual Report 2024,https://omc.ac.in/pdfs/TS%20Antimicrobial%20Surveillance%20Annual%20Report.pdf
Telangana,2024,Blood,Escherichia coli,Cefotaxime,IN/EME,85,Resistance %,Telangana State AMR Surveillance Annual Report 2024,https://omc.ac.in/pdfs/TS%20Antimicrobial%20Surveillance%20Annual%20Report.pdf
Telangana,2024,Blood,Escherichia coli,Cefotaxime,ICU,81,Resistance %,Telangana State AMR Surveillance Annual Report 2024,https://omc.ac.in/pdfs/TS%20Antimicrobial%20Surveillance%20Annual%20Report.pdf
Telangana,2024,Blood,Escherichia coli,Cefepime,IN/EME,57,Resistance %,Telangana State AMR Surveillance Annual Report 2024,https://omc.ac.in/pdfs/TS%20Antimicrobial%20Surveillance%20Annual%20Report.pdf
Telangana,2024,Blood,Escherichia coli,Cefepime,ICU,59,Resistance %,Telangana State AMR Surveillance Annual Report 2024,https://omc.ac.in/pdfs/TS%20Antimicrobial%20Surveillance%20Annual%20Report.pdf
Telangana,2024,Blood,Escherichia coli,Ertapenem,IN/EME,9,Resistance %,Telangana State AMR Surveillance Annual Report 2024,https://omc.ac.in/pdfs/TS%20Antimicrobial%20Surveillance%20Annual%20Report.pdf
Telangana,2024,Blood,Escherichia coli,Ertapenem,ICU,14,Resistance %,Telangana State AMR Surveillance Annual Report 2024,https://omc.ac.in/pdfs/TS%20Antimicrobial%20Surveillance%20Annual%20Report.pdf
Telangana,2024,Blood,Escherichia coli,Imipenem,IN/EME,6,Resistance %,Telangana State AMR Surveillance Annual Report 2024,https://omc.ac.in/pdfs/TS%20Antimicrobial%20Surveillance%20Annual%20Report.pdf
Telangana,2024,Blood,Escherichia coli,Imipenem,ICU,11,Resistance %,Telangana State AMR Surveillance Annual Report 2024,https://omc.ac.in/pdfs/TS%20Antimicrobial%20Surveillance%20Annual%20Report.pdf
Telangana,2024,Blood,Escherichia coli,Meropenem,IN/EME,14,Resistance %,Telangana State AMR Surveillance Annual Report 2024,https://omc.ac.in/pdfs/TS%20Antimicrobial%20Surveillance%20Annual%20Report.pdf
Telangana,2024,Blood,Escherichia coli,Meropenem,ICU,6,Resistance %,Telangana State AMR Surveillance Annual Report 2024,https://omc.ac.in/pdfs/TS%20Antimicrobial%20Surveillance%20Annual%20Report.pdf
Telangana,2024,Blood,Escherichia coli,Amikacin,IN/EME,20,Resistance %,Telangana State AMR Surveillance Annual Report 2024,https://omc.ac.in/pdfs/TS%20Antimicrobial%20Surveillance%20Annual%20Report.pdf
Telangana,2024,Blood,Escherichia coli,Amikacin,ICU,20,Resistance %,Telangana State AMR Surveillance Annual Report 2024,https://omc.ac.in/pdfs/TS%20Antimicrobial%20Surveillance%20Annual%20Report.pdf
Telangana,2024,Blood,Escherichia coli,Gentamicin,IN/EME,26,Resistance %,Telangana State AMR Surveillance Annual Report 2024,https://omc.ac.in/pdfs/TS%20Antimicrobial%20Surveillance%20Annual%20Report.pdf
Telangana,2024,Blood,Escherichia coli,Gentamicin,ICU,28,Resistance %,Telangana State AMR Surveillance Annual Report 2024,https://omc.ac.in/pdfs/TS%20Antimicrobial%20Surveillance%20Annual%20Report.pdf
Telangana,2024,Blood,Escherichia coli,Ciprofloxacin,IN/EME,69,Resistance %,Telangana State AMR Surveillance Annual Report 2024,https://omc.ac.in/pdfs/TS%20Antimicrobial%20Surveillance%20Annual%20Report.pdf
Telangana,2024,Blood,Escherichia coli,Ciprofloxacin,ICU,75,Resistance %,Telangana State AMR Surveillance Annual Report 2024,https://omc.ac.in/pdfs/TS%20Antimicrobial%20Surveillance%20Annual%20Report.pdf
Telangana,2024,Blood,Escherichia coli,Trimethoprim-sulfamethoxazole,IN/EME,46,Resistance %,Telangana State AMR Surveillance Annual Report 2024,https://omc.ac.in/pdfs/TS%20Antimicrobial%20Surveillance%20Annual%20Report.pdf
Telangana,2024,Blood,Escherichia coli,Trimethoprim-sulfamethoxazole,ICU,43,Resistance %,Telangana State AMR Surveillance Annual Report 2024,https://omc.ac.in/pdfs/TS%20Antimicrobial%20Surveillance%20Annual%20Report.pdf
Telangana,2024,Blood,Klebsiella spp.,Amoxicillin-clavulanate,IN/EME,86,Resistance %,Telangana State AMR Surveillance Annual Report 2024,https://omc.ac.in/pdfs/TS%20Antimicrobial%20Surveillance%20Annual%20Report.pdf
Telangana,2024,Blood,Klebsiella spp.,Amoxicillin-clavulanate,OUT,68,Resistance %,Telangana State AMR Surveillance Annual Report 2024,https://omc.ac.in/pdfs/TS%20Antimicrobial%20Surveillance%20Annual%20Report.pdf
Telangana,2024,Blood,Klebsiella spp.,Amoxicillin-clavulanate,ICU,89,Resistance %,Telangana State AMR Surveillance Annual Report 2024,https://omc.ac.in/pdfs/TS%20Antimicrobial%20Surveillance%20Annual%20Report.pdf
Telangana,2024,Blood,Klebsiella spp.,Piperacillin-tazobactam,IN/EME,67,Resistance %,Telangana State AMR Surveillance Annual Report 2024,https://omc.ac.in/pdfs/TS%20Antimicrobial%20Surveillance%20Annual%20Report.pdf
Telangana,2024,Blood,Klebsiella spp.,Piperacillin-tazobactam,OUT,7,Resistance %,Telangana State AMR Surveillance Annual Report 2024,https://omc.ac.in/pdfs/TS%20Antimicrobial%20Surveillance%20Annual%20Report.pdf
Telangana,2024,Blood,Klebsiella spp.,Piperacillin-tazobactam,ICU,18,Resistance %,Telangana State AMR Surveillance Annual Report 2024,https://omc.ac.in/pdfs/TS%20Antimicrobial%20Surveillance%20Annual%20Report.pdf
Telangana,2024,Blood,Klebsiella spp.,Ceftriaxone,IN/EME,90,Resistance %,Telangana State AMR Surveillance Annual Report 2024,https://omc.ac.in/pdfs/TS%20Antimicrobial%20Surveillance%20Annual%20Report.pdf
Telangana,2024,Blood,Klebsiella spp.,Ceftriaxone,OUT,79,Resistance %,Telangana State AMR Surveillance Annual Report 2024,https://omc.ac.in/pdfs/TS%20Antimicrobial%20Surveillance%20Annual%20Report.pdf
Telangana,2024,Blood,Klebsiella spp.,Ceftriaxone,ICU,85,Resistance %,Telangana State AMR Surveillance Annual Report 2024,https://omc.ac.in/pdfs/TS%20Antimicrobial%20Surveillance%20Annual%20Report.pdf
Telangana,2024,Blood,Klebsiella spp.,Cefotaxime,IN/EME,92,Resistance %,Telangana State AMR Surveillance Annual Report 2024,https://omc.ac.in/pdfs/TS%20Antimicrobial%20Surveillance%20Annual%20Report.pdf
Telangana,2024,Blood,Klebsiella spp.,Cefotaxime,OUT,90,Resistance %,Telangana State AMR Surveillance Annual Report 2024,https://omc.ac.in/pdfs/TS%20Antimicrobial%20Surveillance%20Annual%20Report.pdf
Telangana,2024,Blood,Klebsiella spp.,Cefotaxime,ICU,86,Resistance %,Telangana State AMR Surveillance Annual Report 2024,https://omc.ac.in/pdfs/TS%20Antimicrobial%20Surveillance%20Annual%20Report.pdf
Telangana,2024,Blood,Klebsiella spp.,Cefepime,IN/EME,66,Resistance %,Telangana State AMR Surveillance Annual Report 2024,https://omc.ac.in/pdfs/TS%20Antimicrobial%20Surveillance%20Annual%20Report.pdf
Telangana,2024,Blood,Klebsiella spp.,Cefepime,OUT,65,Resistance %,Telangana State AMR Surveillance Annual Report 2024,https://omc.ac.in/pdfs/TS%20Antimicrobial%20Surveillance%20Annual%20Report.pdf
Telangana,2024,Blood,Klebsiella spp.,Cefepime,ICU,65,Resistance %,Telangana State AMR Surveillance Annual Report 2024,https://omc.ac.in/pdfs/TS%20Antimicrobial%20Surveillance%20Annual%20Report.pdf
Telangana,2024,Blood,Klebsiella spp.,Ertapenem,IN/EME,55,Resistance %,Telangana State AMR Surveillance Annual Report 2024,https://omc.ac.in/pdfs/TS%20Antimicrobial%20Surveillance%20Annual%20Report.pdf
Telangana,2024,Blood,Klebsiella spp.,Ertapenem,ICU,41,Resistance %,Telangana State AMR Surveillance Annual Report 2024,https://omc.ac.in/pdfs/TS%20Antimicrobial%20Surveillance%20Annual%20Report.pdf
Telangana,2024,Blood,Klebsiella spp.,Imipenem,IN/EME,34,Resistance %,Telangana State AMR Surveillance Annual Report 2024,https://omc.ac.in/pdfs/TS%20Antimicrobial%20Surveillance%20Annual%20Report.pdf
Telangana,2024,Blood,Klebsiella spp.,Imipenem,OUT,4,Resistance %,Telangana State AMR Surveillance Annual Report 2024,https://omc.ac.in/pdfs/TS%20Antimicrobial%20Surveillance%20Annual%20Report.pdf
Telangana,2024,Blood,Klebsiella spp.,Imipenem,ICU,7,Resistance %,Telangana State AMR Surveillance Annual Report 2024,https://omc.ac.in/pdfs/TS%20Antimicrobial%20Surveillance%20Annual%20Report.pdf
Telangana,2024,Blood,Klebsiella spp.,Meropenem,IN/EME,64,Resistance %,Telangana State AMR Surveillance Annual Report 2024,https://omc.ac.in/pdfs/TS%20Antimicrobial%20Surveillance%20Annual%20Report.pdf
Telangana,2024,Blood,Klebsiella spp.,Meropenem,OUT,7,Resistance %,Telangana State AMR Surveillance Annual Report 2024,https://omc.ac.in/pdfs/TS%20Antimicrobial%20Surveillance%20Annual%20Report.pdf
Telangana,2024,Blood,Klebsiella spp.,Meropenem,ICU,19,Resistance %,Telangana State AMR Surveillance Annual Report 2024,https://omc.ac.in/pdfs/TS%20Antimicrobial%20Surveillance%20Annual%20Report.pdf
Telangana,2024,Blood,Klebsiella spp.,Amikacin,IN/EME,60,Resistance %,Telangana State AMR Surveillance Annual Report 2024,https://omc.ac.in/pdfs/TS%20Antimicrobial%20Surveillance%20Annual%20Report.pdf
Telangana,2024,Blood,Klebsiella spp.,Amikacin,OUT,11,Resistance %,Telangana State AMR Surveillance Annual Report 2024,https://omc.ac.in/pdfs/TS%20Antimicrobial%20Surveillance%20Annual%20Report.pdf
Telangana,2024,Blood,Klebsiella spp.,Amikacin,ICU,30,Resistance %,Telangana State AMR Surveillance Annual Report 2024,https://omc.ac.in/pdfs/TS%20Antimicrobial%20Surveillance%20Annual%20Report.pdf
Telangana,2024,Blood,Klebsiella spp.,Gentamicin,IN/EME,46,Resistance %,Telangana State AMR Surveillance Annual Report 2024,https://omc.ac.in/pdfs/TS%20Antimicrobial%20Surveillance%20Annual%20Report.pdf
Telangana,2024,Blood,Klebsiella spp.,Gentamicin,OUT,11,Resistance %,Telangana State AMR Surveillance Annual Report 2024,https://omc.ac.in/pdfs/TS%20Antimicrobial%20Surveillance%20Annual%20Report.pdf
Telangana,2024,Blood,Klebsiella spp.,Gentamicin,ICU,24,Resistance %,Telangana State AMR Surveillance Annual Report 2024,https://omc.ac.in/pdfs/TS%20Antimicrobial%20Surveillance%20Annual%20Report.pdf
Telangana,2024,Blood,Klebsiella spp.,Ciprofloxacin,IN/EME,61,Resistance %,Telangana State AMR Surveillance Annual Report 2024,https://omc.ac.in/pdfs/TS%20Antimicrobial%20Surveillance%20Annual%20Report.pdf
Telangana,2024,Blood,Klebsiella spp.,Ciprofloxacin,OUT,19,Resistance %,Telangana State AMR Surveillance Annual Report 2024,https://omc.ac.in/pdfs/TS%20Antimicrobial%20Surveillance%20Annual%20Report.pdf
Telangana,2024,Blood,Klebsiella spp.,Ciprofloxacin,ICU,40,Resistance %,Telangana State AMR Surveillance Annual Report 2024,https://omc.ac.in/pdfs/TS%20Antimicrobial%20Surveillance%20Annual%20Report.pdf
Telangana,2024,Blood,Klebsiella spp.,Trimethoprim-sulfamethoxazole,IN/EME,58,Resistance %,Telangana State AMR Surveillance Annual Report 2024,https://omc.ac.in/pdfs/TS%20Antimicrobial%20Surveillance%20Annual%20Report.pdf
Telangana,2024,Blood,Klebsiella spp.,Trimethoprim-sulfamethoxazole,OUT,22,Resistance %,Telangana State AMR Surveillance Annual Report 2024,https://omc.ac.in/pdfs/TS%20Antimicrobial%20Surveillance%20Annual%20Report.pdf
Telangana,2024,Blood,Klebsiella spp.,Trimethoprim-sulfamethoxazole,ICU,37,Resistance %,Telangana State AMR Surveillance Annual Report 2024,https://omc.ac.in/pdfs/TS%20Antimicrobial%20Surveillance%20Annual%20Report.pdf
Telangana,2024,Blood,Pseudomonas spp.,Piperacillin-tazobactam,IN/EME,39,Resistance %,Telangana State AMR Surveillance Annual Report 2024,https://omc.ac.in/pdfs/TS%20Antimicrobial%20Surveillance%20Annual%20Report.pdf
Telangana,2024,Blood,Pseudomonas spp.,Piperacillin-tazobactam,ICU,6,Resistance %,Telangana State AMR Surveillance Annual Report 2024,https://omc.ac.in/pdfs/TS%20Antimicrobial%20Surveillance%20Annual%20Report.pdf
Telangana,2024,Blood,Pseudomonas spp.,Ceftazidime,IN/EME,59,Resistance %,Telangana State AMR Surveillance Annual Report 2024,https://omc.ac.in/pdfs/TS%20Antimicrobial%20Surveillance%20Annual%20Report.pdf
Telangana,2024,Blood,Pseudomonas spp.,Ceftazidime,ICU,41,Resistance %,Telangana State AMR Surveillance Annual Report 2024,https://omc.ac.in/pdfs/TS%20Antimicrobial%20Surveillance%20Annual%20Report.pdf
Telangana,2024,Blood,Pseudomonas spp.,Aztreonam,IN/EME,87,Resistance %,Telangana State AMR Surveillance Annual Report 2024,https://omc.ac.in/pdfs/TS%20Antimicrobial%20Surveillance%20Annual%20Report.pdf
Telangana,2024,Blood,Pseudomonas spp.,Imipenem,IN/EME,18,Resistance %,Telangana State AMR Surveillance Annual Report 2024,https://omc.ac.in/pdfs/TS%20Antimicrobial%20Surveillance%20Annual%20Report.pdf
Telangana,2024,Blood,Pseudomonas spp.,Imipenem,ICU,7,Resistance %,Telangana State AMR Surveillance Annual Report 2024,https://omc.ac.in/pdfs/TS%20Antimicrobial%20Surveillance%20Annual%20Report.pdf
Telangana,2024,Blood,Pseudomonas spp.,Meropenem,IN/EME,31,Resistance %,Telangana State AMR Surveillance Annual Report 2024,https://omc.ac.in/pdfs/TS%20Antimicrobial%20Surveillance%20Annual%20Report.pdf
Telangana,2024,Blood,Pseudomonas spp.,Meropenem,ICU,3,Resistance %,Telangana State AMR Surveillance Annual Report 2024,https://omc.ac.in/pdfs/TS%20Antimicrobial%20Surveillance%20Annual%20Report.pdf
Telangana,2024,Blood,Pseudomonas spp.,Amikacin,IN/EME,14,Resistance %,Telangana State AMR Surveillance Annual Report 2024,https://omc.ac.in/pdfs/TS%20Antimicrobial%20Surveillance%20Annual%20Report.pdf
Telangana,2024,Blood,Pseudomonas spp.,Amikacin,ICU,17,Resistance %,Telangana State AMR Surveillance Annual Report 2024,https://omc.ac.in/pdfs/TS%20Antimicrobial%20Surveillance%20Annual%20Report.pdf
Telangana,2024,Blood,Pseudomonas spp.,Gentamicin,IN/EME,21,Resistance %,Telangana State AMR Surveillance Annual Report 2024,https://omc.ac.in/pdfs/TS%20Antimicrobial%20Surveillance%20Annual%20Report.pdf
Telangana,2024,Blood,Pseudomonas spp.,Gentamicin,ICU,17,Resistance %,Telangana State AMR Surveillance Annual Report 2024,https://omc.ac.in/pdfs/TS%20Antimicrobial%20Surveillance%20Annual%20Report.pdf
Telangana,2024,Blood,Pseudomonas spp.,Ciprofloxacin,IN/EME,24,Resistance %,Telangana State AMR Surveillance Annual Report 2024,https://omc.ac.in/pdfs/TS%20Antimicrobial%20Surveillance%20Annual%20Report.pdf
Telangana,2024,Blood,Pseudomonas spp.,Ciprofloxacin,ICU,28,Resistance %,Telangana State AMR Surveillance Annual Report 2024,https://omc.ac.in/pdfs/TS%20Antimicrobial%20Surveillance%20Annual%20Report.pdf
Telangana,2024,Blood,Acinetobacter spp.,Ceftazidime,All blood,88,Resistance %,Telangana State AMR Surveillance Annual Report 2024,https://omc.ac.in/pdfs/TS%20Antimicrobial%20Surveillance%20Annual%20Report.pdf
Telangana,2024,Blood,Acinetobacter spp.,Minocycline,All blood,50,Resistance %,Telangana State AMR Surveillance Annual Report 2024,https://omc.ac.in/pdfs/TS%20Antimicrobial%20Surveillance%20Annual%20Report.pdf
